<?xml version="1.0" encoding="UTF-8" standalone="yes"?>
<addon id="repository.drxrepopub" name="[COLOR gold]Durex Build Repo[/COLOR]" version="2.0" provider-name="Durex">
	<extension point="xbmc.addon.repository" name="Durex Build Repo">
		<info compressed="false">https://raw.githubusercontent.com/drxbld/repo/master/addons.xml</info>
		<checksum>https://raw.githubusercontent.com/drxbld/repo/master/addons.xml.md5</checksum>
		<datadir zip="true">https://raw.githubusercontent.com/drxbld/repo/master/</datadir>
	</extension>
	<extension point="xbmc.addon.metadata">
		<summary>Durex Add-on Repository</summary>
		<description>Kodi Repository for Durex Build</description>
		<platform>all</platform>
	</extension>
</addon>

