<addon id="plugin.program.TBBuild" name="[COLOR yellow]TB[/COLOR] [COLOR black]BUILD[/COLOR]" version="1.2.4" provider-name="TB BUILD">
  <requires>
    <import addon="xbmc.python" version="2.1.0"/>
  </requires>
  <extension point="xbmc.python.pluginsource" library="default.py">
    <provides>executable</provides>
  </extension>
  <extension point="xbmc.service" library="startup.py" start="startup" />
  <extension point="xbmc.addon.metadata">
    <summary lang="en">TB BUILD</summary>
    <description lang="en">SEE WHAT HAPPENS</description>
    <platform>all</platform>
	<news></news>
  </extension>
</addon>