<?xml version="1.0" encoding="UTF-8"?>
    <addon id="repository.TBBuild" name="TB Build REPO" version="0.0.4" provider-name="Tony B">
        <requires>
            <import addon="xbmc.addon" version="12.0.0"/>
        </requires>
        <extension point="xbmc.addon.repository" name="TB Build REPO">
            <info compressed="false">https://raw.githubusercontent.com/tbbuild/TBREPO/master/_repo/addons.xml</info>
            <checksum>https://raw.githubusercontent.com/tbbuild/TBREPO/master/_repo/addons.xml.md5</checksum>
            <datadir zip="true">https://raw.githubusercontent.com/tbbuild/TBREPO/master/_repo/</datadir>
            <hashes>false</hashes>
        </extension>
        <extension point="xbmc.addon.metadata">
            <summary>TEST</summary>
            <description>The description can be longer. Using [CR] you can create a newline. The use of other markup is not advised.</description>
            <platform>all</platform>
    </extension>
</addon>